run_dir,instance_num,requests_total,requests_ok,requests_failed,run_started_at,run_finished_at,run_wall_clock_sec,first_request_started_at,last_request_finished_at,request_window_sec,total_mean,total_p50,total_p95,total_p99,connect,send,wait,history,total,send_p95,send_p99,wait_p50,wait_p95,wait_p99,history_p95,history_p99,pct_cpu_total,pct_cpu_usr,pct_cpu_system,pct_cpu_wait,rss_kib_total,busiest_device,pct_util,r_await,w_await,aqu_sz,system_wkb_s,benchmark_kb_wr_per_s,interrupts_per_s,system_context_switches_per_s,run_queue,blocked_processes,benchmark_cswch_per_s,benchmark_nvcswch_per_s,benchmark_iodelay,rows_with_usage,output_tokens_mean,output_tps_request_mean,output_tps_session_delta_mean,utilization_pct,hbm_usage_pct,aicore_usage_pct,benchmark_cpu_peak,benchmark_cpu_peak_t_sec,benchmark_rss_peak_kib,benchmark_rss_peak_t_sec,system_disk_pct_util_peak,system_disk_pct_util_peak_t_sec,system_disk_w_await_peak,system_disk_w_await_peak_t_sec,system_interrupts_peak,system_interrupts_peak_t_sec,system_context_switches_peak,system_context_switches_peak_t_sec,system_run_queue_peak,system_run_queue_peak_t_sec,npu_utilization_peak,npu_utilization_peak_t_sec,npu_aicore_peak,npu_aicore_peak_t_sec,npu_hbm_peak,npu_hbm_peak_t_sec,topology,stagger_ms,session_mode,mode_label,batch_run,model,sources,scenario_labels,rss_gib,disk_write_mib_s,goodput_rps,success_rate,cpu_user_pct_mean,cpu_system_pct_mean,cpu_iowait_pct_mean,cpu_idle_pct_mean,mem_free_kib_mean,mem_buff_kib_mean,mem_cache_kib_mean,disk_pct_util_mean,disk_w_await_ms_mean,disk_aqu_sz_mean,interrupts_per_s_mean,context_switches_per_s_mean,run_queue_mean,blocked_processes_mean,cpu_percent,rss_kib,kb_wr_per_s,iodelay,cswch_per_s,nvcswch_per_s,aivector_usage_pct,aicpu_usage_pct,ctrlcpu_usage_pct,f_await,wkb_s,perf_cache_misses,perf_context_switches,perf_cpu_migrations,perf_page_faults,perf_unsupported_events,strace_events_per_s_peak,strace_duration_ms_per_s_peak,strace_top_syscall,strace_top_syscall_total_duration_sec,docker_cpu_peak,docker_cpu_peak_t_sec,docker_mem_peak,docker_mem_peak_t_sec,pidstat_cpu_peak,pidstat_cpu_peak_t_sec,pidstat_rss_peak,pidstat_rss_peak_t_sec,iostat_pct_util_peak,iostat_pct_util_peak_t_sec,iostat_w_await_peak,iostat_w_await_peak_t_sec,vmstat_interrupts_peak,vmstat_interrupts_peak_t_sec,vmstat_context_switches_peak,vmstat_context_switches_peak_t_sec,npu_hbm_usage_peak,npu_hbm_usage_peak_t_sec,perf_context_switches_peak,perf_context_switches_peak_t_sec,openat_count,openat_total_sec,openat_mean_ms,statx_count,statx_total_sec,statx_mean_ms,newfstatat_count,newfstatat_total_sec,newfstatat_mean_ms,pread64_count,pread64_total_sec,pread64_mean_ms,clone_count,clone_total_sec,clone_mean_ms,sched_yield_count,sched_yield_total_sec,sched_yield_mean_ms,futex_count,futex_total_sec,futex_mean_ms,read_count,read_total_sec,read_mean_ms,write_count,write_total_sec,write_mean_ms,futex_total_sec_per_request,futex_total_sec_per_wall_sec,statx_total_sec_per_request,statx_total_sec_per_wall_sec,openat_total_sec_per_request,openat_total_sec_per_wall_sec,estimated_makespan_sec,bootstrap_load_mean_ms,skills_mean_ms,context_bundle_mean_ms,execution_admission_wait_mean_ms,reply_dispatch_queue_wait_mean_ms,reply_dispatch_queue_hold_mean_ms,reply_dispatch_pending_mean,sessions_lock_total_ms,sessions_lock_count,sessions_dir_enum_total_ms,sessions_dir_enum_count,sessions_json_total_ms,sessions_json_count,sessions_tmp_total_ms,sessions_tmp_count,bootstrap_files_total_ms,bootstrap_files_count,sample_count,fs_worker_exec_count,fs_worker_exec_pct,fs_callback_count,fs_callback_pct,event_loop_poll_count,event_loop_poll_pct,microtask_count,microtask_pct,futex_sync_count,futex_sync_pct,worker_message_count,worker_message_pct,json_parse_count,json_parse_pct,libuv_worker_other_count,libuv_worker_other_pct,gateway_main_other_count,gateway_main_other_pct,v8_worker_count,v8_worker_pct,other_count,other_pct,fs_async_mean_ms,fs_callback_mean_ms,promise_callback_mean_ms,event_loop_immediate_mean_ms,event_loop_timers_mean_ms,fs_async_count,promise_callback_count
/root/Zehao/ClawHarness/out/batch_run_1/task-01/20260416T133141Z_vps-docker-qwen3-32b8x2-multi-5x4w-stag150-request,1,20,20,0,2026-04-16T13:31:48.992930+00:00,2026-04-16T13:34:12.007132+00:00,143.014,2026-04-16T13:31:49.614158+00:00,2026-04-16T13:34:02.697258+00:00,133.083,25476.896,20872.248,45772.739,46040.833,545.876,11.661,25301.068,164.127,25476.896,65.402,123.36,20836.667,45755.442,46024.308,95.674,2991.215,45.849,37.165,8.684,0.045,952013.865,sda,0.6,0.0,0.506,0.103,7541.684,6720.688,862355.381,1389390.545,30.261,0.007,43.486,23.098,0.0,,,,,,,,178.0,112.0,1073804.0,103.0,8.0,98.0,4.84,47.0,1137885.0,47.0,1872676.0,47.0,67.0,58.0,,,,,,,multi-5x4w,150.0,per_request,multi-5x4w-stag150-r,1,qwen3-32b8x2,task-01-run1/vps-docker-qwen3-32b8x2-multi-5x4w-stag150-request-vs-vps-docker-qwen3-32b8x2-multi-5x4w-stag300-request-vs-vps-docker-qwen3-32b8x2-multi-5x4w-stag500-request-sys/summary.md; task-01-run1/vps-docker-qwen3-32b8x2-single-20-request-vs-vps-docker-qwen3-32b8x2-multi-5x4w-stag150-request-vs-vps-docker-qwen3-32b8x2-multi-5x4w-stag300-request-vs-vps-docker-qwen3-32b8x2-multi-5x4w-stag500-request-sys/summary.md,multi-5x4w-stag150,0.907911171913147,7.36492578125,0.15028215474553475,1.0,,,,,,,,,,,,,,,,,,,,,,,,,,,,,,,,,,,,,,,,,,,,,,,,,,,,,,,,,,,,,,,,,,,,,,,,,,,,,,,,,,,,,,,,,,,,,,,,,,,,,,,,,,,,,,,,,,,,,,,,,,,,,,,,,,,,,,,
/root/Zehao/ClawHarness/out/batch_run_2/task-01/20260416T191524Z_vps-docker-qwen3-235b8x2-multi-5x4w-stag150-request,1,20,20,0,2026-04-16T19:15:32.904246+00:00,2026-04-16T19:17:05.624362+00:00,92.72,2026-04-16T19:15:32.969523+00:00,2026-04-16T19:16:48.204478+00:00,75.235,11274.565,8832.69,20774.481,36223.634,16318.043,39.708,11074.394,160.424,11274.565,212.629,436.667,8821.875,20327.447,33205.83,19.084,3013.742,63.153,52.489,10.664,0.119,1047496.714,sda,0.799,0.036,0.613,0.134,10602.143,10767.52,757181.298,1300447.857,21.143,0.0,28.575,53.016,0.0,20.0,16.65,1.732,1.732,48.493,92.0,25.257,125.0,1.0,1155160.0,80.0,14.8,33.0,5.94,58.0,945961.0,28.0,1693719.0,9.0,67.0,68.0,90.0,65.103,47.625,65.103,92.0,0.0,multi-5x4w,150.0,per_request,multi-5x4w-stag150-r,2,qwen3-235b8x2,task-01-run2/Multi-5x4w-Stag150-300-500-request/summary.md,multi-5x4w-stag150,0.9989707126617432,10.3536552734375,0.2658337210075098,1.0,,,,,,,,,,,,,,,,,,,,,,,,,,,,,,,,,,,,,,,,,,,,,,,,,,,,,,,,,,,,,,,,,,,,,,,,,,,,,,,,,,,,,,,,,,,,,,,,,,,,,,,,,,,,,,,,,,,,,,,,,,,,,,,,,,,,,,,
/root/Zehao/ClawHarness/out/batch_run_3/task-01/20260417T095109Z_vps-docker-qwen3-235b8x2-multi-5x4w-stag150-request,1,20,20,0,2026-04-17T09:51:16.462465+00:00,2026-04-17T09:52:37.583981+00:00,81.122,2026-04-17T09:51:16.526977+00:00,2026-04-17T09:52:23.849462+00:00,67.322,11934.222,9855.098,20542.859,26375.973,5911.578,46.066,11719.881,168.24,11934.222,176.612,456.838,9839.183,20360.119,23193.995,16.762,3177.779,63.493,50.315,13.178,0.068,923945.479,sda,0.963,0.0,0.572,0.15,11678.027,12049.644,769508.135,1297752.311,20.432,0.027,31.932,37.164,0.0,20.0,16.7,1.584,1.584,57.008,92.0,30.297,165.0,59.0,979496.0,58.0,9.6,35.0,3.63,61.0,974403.0,30.0,1481621.0,19.0,68.0,60.0,87.625,27.55,47.188,55.063,92.0,0.0,multi-5x4w,150.0,per_request,multi-5x4w-stag150-r,3,qwen3-235b8x2,task-01-run3/Multi-5x4w-Stag150-300-500-request/summary.md,multi-5x4w-stag150,0.8811430730819703,11.4043232421875,0.29707970648525,1.0,,,,,,,,,,,,,,,,,,,,,,,,,,,,,,,,,,,,,,,,,,,,,,,,,,,,,,,,,,,,,,,,,,,,,,,,,,,,,,,,,,,,,,,,,,,,,,,,,,,,,,,,,,,,,,,,,,,,,,,,,,,,,,,,,,,,,,,
/root/Zehao/ClawHarness/out/batch_run_4/task-01/20260417T135108Z_vps-docker-qwen3-235b8x2-multi-5x4w-stag150-request,1,20,20,0,2026-04-17T13:51:16.493644+00:00,2026-04-17T13:52:00.757676+00:00,44.264,2026-04-17T13:51:16.558219+00:00,2026-04-17T13:51:52.127874+00:00,35.57,6013.654,3098.864,21487.595,21670.827,4577.452,14.532,5842.571,156.511,6013.654,30.207,201.566,3089.196,18691.624,21477.083,15.525,2974.789,110.8,91.856,18.944,0.167,893093.0,sda,1.383,0.0,1.004,0.234,14669.667,15109.297,744389.946,1306381.676,18.027,0.027,48.849,91.777,0.0,20.0,16.0,4.44,4.44,35.125,93.5,17.156,162.0,23.0,969872.0,35.0,6.8,12.0,6.72,24.0,976196.0,25.0,1568066.0,25.0,63.0,35.0,90.312,27.298,47.938,27.298,93.5,0.0,multi-5x4w,150.0,per_request,multi-5x4w-stag150-r,4,qwen3-235b8x2,task-01-run4/Multi-5x4w-Stag150-300-500-request/summary.md,multi-5x4w-stag150,0.851719856262207,14.3258466796875,0.562271577171774,1.0,,,,,,,,,,,,,,,,,,,,,,,,,,,,,,,,,,,,,,,,,,,,,,,,,,,,,,,,,,,,,,,,,,,,,,,,,,,,,,,,,,,,,,,,,,,,,,,,,,,,,,,,,,,,,,,,,,,,,,,,,,,,,,,,,,,,,,,
/root/Zehao/ClawHarness/out/batch_run_1/task-01/20260416T133828Z_vps-docker-qwen3-32b8x2-multi-5x4w-stag300-request,1,20,20,0,2026-04-16T13:38:36.479127+00:00,2026-04-16T13:40:55.067199+00:00,138.588,2026-04-16T13:38:37.266790+00:00,2026-04-16T13:40:44.784376+00:00,127.518,24027.232,19434.949,49099.507,49964.462,540.334,9.688,23853.886,163.616,24027.232,33.918,110.163,19421.576,49084.323,49947.602,20.165,3038.712,50.352,40.695,9.656,0.055,961397.562,sda,0.684,0.016,0.483,0.098,8773.469,8865.406,856420.225,1386105.488,29.581,0.0,41.531,30.016,0.0,,,,,,,,171.0,103.0,1082036.0,100.0,8.4,39.0,3.83,28.0,1051212.0,119.0,1729339.0,119.0,68.0,57.0,,,,,,,multi-5x4w,300.0,per_request,multi-5x4w-stag300-r,1,qwen3-32b8x2,task-01-run1/vps-docker-qwen3-32b8x2-multi-5x4w-stag150-request-vs-vps-docker-qwen3-32b8x2-multi-5x4w-stag300-request-vs-vps-docker-qwen3-32b8x2-multi-5x4w-stag500-request-sys/summary.md; task-01-run1/vps-docker-qwen3-32b8x2-single-20-request-vs-vps-docker-qwen3-32b8x2-multi-5x4w-stag150-request-vs-vps-docker-qwen3-32b8x2-multi-5x4w-stag300-request-vs-vps-docker-qwen3-32b8x2-multi-5x4w-stag500-request-sys/summary.md; task-01-run1/vps-docker-qwen3-32b8x2-single-20-request-vs-vps-docker-qwen3-32b8x2-multi-5x4w-stag300-request-vs-vps-docker-qwen3-32b8x2-single-inst-5x4i-request-vs-vps-docker-qwen3-32b8x2-multi-inst-5x2ix2w-stag500-request-sys/summary.md,multi-5x4w-stag300; multi-5x4w-stag500,0.9168601627349854,8.5678408203125,0.15684060289527754,1.0,,,,,,,,,,,,,,,,,,,,,,,,,,,,,,,,,,,,,,,,,,,,,,,,,,,,,,,,,,,,,,,,,,,,,,,,,,,,,,,,,,,,,,,,,,,,,,,,,,,,,,,,,,,,,,,,,,,,,,,,,,,,,,,,,,,,,,,
/root/Zehao/ClawHarness/out/batch_run_2/task-01/20260416T191836Z_vps-docker-qwen3-235b8x2-multi-5x4w-stag300-request,1,20,20,0,2026-04-16T19:18:44.760926+00:00,2026-04-16T19:20:06.170923+00:00,81.41,2026-04-16T19:18:44.834034+00:00,2026-04-16T19:19:58.460647+00:00,73.627,10988.212,8625.531,18839.169,35207.326,16632.086,7.039,10820.907,160.218,10988.212,9.502,45.343,8613.919,18823.83,32186.11,17.505,3017.172,71.77,60.176,11.595,0.095,1034261.405,sda,0.93,0.081,0.773,0.165,11906.703,12233.622,760300.827,1291161.453,23.893,0.013,32.662,44.473,0.0,20.0,16.2,1.708,1.708,53.625,92.0,27.414,125.0,1.0,1114172.0,73.0,9.2,33.0,5.2,58.0,959556.0,27.0,1488124.0,59.0,73.0,50.0,89.938,64.909,47.812,45.665,92.0,0.0,multi-5x4w,300.0,per_request,multi-5x4w-stag300-r,2,qwen3-235b8x2,task-01-run2/Multi-5x4w-Stag150-300-500-request/summary.md,multi-5x4w-stag300,0.9863485383987427,11.6276396484375,0.27163948008203515,1.0,,,,,,,,,,,,,,,,,,,,,,,,,,,,,,,,,,,,,,,,,,,,,,,,,,,,,,,,,,,,,,,,,,,,,,,,,,,,,,,,,,,,,,,,,,,,,,,,,,,,,,,,,,,,,,,,,,,,,,,,,,,,,,,,,,,,,,,
/root/Zehao/ClawHarness/out/batch_run_3/task-01/20260417T095400Z_vps-docker-qwen3-235b8x2-multi-5x4w-stag300-request,1,20,20,0,2026-04-17T09:54:08.752564+00:00,2026-04-17T09:55:28.813895+00:00,80.061,2026-04-17T09:54:08.822865+00:00,2026-04-17T09:55:15.507232+00:00,66.684,12796.805,9572.294,26506.011,26514.537,1203.033,19.066,12612.294,165.403,12796.805,54.262,264.763,9561.867,26487.444,26501.746,16.476,3126.225,61.068,49.89,11.178,0.068,934133.589,sda,1.158,0.014,0.598,0.129,11680.055,13510.082,768428.986,1297167.122,22.405,0.0,31.767,40.493,0.0,20.0,16.95,1.59,1.59,52.031,92.0,27.242,133.0,1.0,996608.0,70.0,14.4,69.0,4.14,34.0,999343.0,19.0,1635993.0,33.0,71.0,48.0,84.25,54.968,44.875,54.968,92.0,0.0,multi-5x4w,300.0,per_request,multi-5x4w-stag300-r,3,qwen3-235b8x2,task-01-run3/Multi-5x4w-Stag150-300-500-request/summary.md,multi-5x4w-stag300,0.8908592119216919,11.4063037109375,0.2999220202747286,1.0,,,,,,,,,,,,,,,,,,,,,,,,,,,,,,,,,,,,,,,,,,,,,,,,,,,,,,,,,,,,,,,,,,,,,,,,,,,,,,,,,,,,,,,,,,,,,,,,,,,,,,,,,,,,,,,,,,,,,,,,,,,,,,,,,,,,,,,
/root/Zehao/ClawHarness/out/batch_run_4/task-01/20260417T135318Z_vps-docker-qwen3-235b8x2-multi-5x4w-stag300-request,1,20,20,0,2026-04-17T13:53:25.652973+00:00,2026-04-17T13:54:18.561406+00:00,52.908,2026-04-17T13:53:25.722408+00:00,2026-04-17T13:54:10.262434+00:00,44.54,3189.655,2133.527,3306.148,21145.874,23516.871,4.551,2982.032,203.032,3189.655,18.684,24.81,2121.413,3293.714,17226.913,14.767,3914.796,92.511,75.844,16.667,0.111,901634.311,sda,1.26,0.0,1.02,0.2,12141.067,12974.844,754174.413,1326418.522,21.413,0.0,42.2,58.422,0.0,20.0,16.0,7.257,7.257,28.725,93.5,11.838,144.0,18.0,964636.0,44.0,6.4,8.0,6.49,27.0,957741.0,42.0,1508868.0,16.0,66.0,35.0,83.062,36.189,33.125,36.189,93.5,0.0,multi-5x4w,300.0,per_request,multi-5x4w-stag300-r,4,qwen3-235b8x2,task-01-run4/Multi-5x4w-Stag150-300-500-request/summary.md,multi-5x4w-stag300,0.8598654851913452,11.8565107421875,0.449034575662326,1.0,,,,,,,,,,,,,,,,,,,,,,,,,,,,,,,,,,,,,,,,,,,,,,,,,,,,,,,,,,,,,,,,,,,,,,,,,,,,,,,,,,,,,,,,,,,,,,,,,,,,,,,,,,,,,,,,,,,,,,,,,,,,,,,,,,,,,,,
/root/Zehao/ClawHarness/out/batch_run_1/task-01/20260416T134556Z_vps-docker-qwen3-32b8x2-multi-5x4w-stag500-request,1,20,20,0,2026-04-16T13:46:04.763716+00:00,2026-04-16T13:48:18.194340+00:00,133.431,2026-04-16T13:46:21.885054+00:00,2026-04-16T13:48:12.232039+00:00,110.347,21126.048,19950.484,29235.442,30088.631,16413.064,39.15,20642.242,444.616,21126.048,148.992,312.9,19923.716,29202.881,29932.598,30.865,8603.807,50.827,40.26,10.567,0.055,970353.449,sda,0.796,0.016,0.423,0.1,8517.953,8612.976,854584.492,1387013.336,29.094,0.016,44.181,27.402,0.0,,,,,,,,165.0,107.0,1093240.0,106.0,19.2,33.0,3.67,66.0,1044811.0,39.0,1687314.0,39.0,66.0,31.0,,,,,,,multi-5x4w,500.0,per_request,multi-5x4w-stag500-r,1,qwen3-32b8x2,task-01-run1/vps-docker-qwen3-32b8x2-multi-5x4w-stag150-request-vs-vps-docker-qwen3-32b8x2-multi-5x4w-stag300-request-vs-vps-docker-qwen3-32b8x2-multi-5x4w-stag500-request-sys/summary.md; task-01-run1/vps-docker-qwen3-32b8x2-single-20-request-vs-vps-docker-qwen3-32b8x2-multi-5x4w-stag150-request-vs-vps-docker-qwen3-32b8x2-multi-5x4w-stag300-request-vs-vps-docker-qwen3-32b8x2-multi-5x4w-stag500-request-sys/summary.md,multi-5x4w-stag500,0.925401162147522,8.3183134765625,0.1812464317108757,1.0,,,,,,,,,,,,,,,,,,,,,,,,,,,,,,,,,,,,,,,,,,,,,,,,,,,,,,,,,,,,,,,,,,,,,,,,,,,,,,,,,,,,,,,,,,,,,,,,,,,,,,,,,,,,,,,,,,,,,,,,,,,,,,,,,,,,,,,
/root/Zehao/ClawHarness/out/batch_run_2/task-01/20260416T192209Z_vps-docker-qwen3-235b8x2-multi-5x4w-stag500-request,1,20,20,0,2026-04-16T19:22:19.067103+00:00,2026-04-16T19:23:37.597116+00:00,78.53,2026-04-16T19:22:35.411254+00:00,2026-04-16T19:23:30.284609+00:00,54.873,10380.26,9172.508,19902.753,20081.845,15635.413,31.763,9474.687,873.77,10380.26,149.812,207.624,9145.18,19874.123,19915.018,8620.867,8622.728,71.959,61.068,10.892,0.122,801675.135,sda,0.927,0.0,0.602,0.151,11338.27,11251.622,751041.573,1290073.813,25.173,0.027,40.824,53.378,0.0,18.0,16.778,1.722,1.722,49.016,92.0,26.352,177.0,38.0,1011980.0,33.0,11.6,7.0,5.47,19.0,862663.0,23.0,1654555.0,23.0,92.0,28.0,86.875,55.021,47.688,55.021,92.0,0.0,multi-5x4w,500.0,per_request,multi-5x4w-stag500-r,2,qwen3-235b8x2,task-01-run2/Multi-5x4w-Stag150-300-500-request/summary.md; task-01-run2/SingleW-Mul5x4w-Single5x4i-Mul5x2ix2w-500-req/summary.md,multi-5x4w-stag500,0.7645369863510132,11.072529296875,0.36447797641827495,1.0,,,,,,,,,,,,,,,,,,,,,,,,,,,,,,,,,,,,,,,,,,,,,,,,,,,,,,,,,,,,,,,,,,,,,,,,,,,,,,,,,,,,,,,,,,,,,,,,,,,,,,,,,,,,,,,,,,,,,,,,,,,,,,,,,,,,,,,
/root/Zehao/ClawHarness/out/batch_run_3/task-01/20260417T095802Z_vps-docker-qwen3-235b8x2-multi-5x4w-stag500-request,1,20,20,0,2026-04-17T09:58:09.681480+00:00,2026-04-17T09:59:20.953831+00:00,71.272,2026-04-17T09:58:09.746683+00:00,2026-04-17T09:59:08.069477+00:00,58.323,10067.963,9249.64,12467.021,19433.761,6041.591,5.625,9904.054,158.251,10067.963,8.957,29.428,9240.93,12456.642,16416.381,15.963,3013.23,55.875,45.828,10.047,0.062,925797.062,sda,0.667,0.0,0.617,0.112,8156.875,7456.188,775116.108,1295361.923,25.631,0.0,35.156,35.406,0.0,20.0,16.95,1.763,1.763,62.125,92.0,32.366,156.0,32.0,975012.0,59.0,5.6,9.0,5.08,33.0,973963.0,35.0,1623638.0,35.0,99.0,51.0,87.0,37.151,48.375,37.151,92.0,0.0,multi-5x4w,500.0,per_request,multi-5x4w-stag500-r,3,qwen3-235b8x2,task-01-run3/Multi-5x4w-Stag150-300-500-request/summary.md; task-01-run3/SingleW-Mul5x4w-Single5x4i-Mul5x2ix2w-500-req/summary.md,multi-5x4w-stag500,0.8829088802337647,7.9656982421875,0.34291788831164377,1.0,,,,,,,,,,,,,,,,,,,,,,,,,,,,,,,,,,,,,,,,,,,,,,,,,,,,,,,,,,,,,,,,,,,,,,,,,,,,,,,,,,,,,,,,,,,,,,,,,,,,,,,,,,,,,,,,,,,,,,,,,,,,,,,,,,,,,,,
/root/Zehao/ClawHarness/out/batch_run_4/task-01/20260417T135537Z_vps-docker-qwen3-235b8x2-multi-5x4w-stag500-request,1,20,20,0,2026-04-17T13:55:44.330650+00:00,2026-04-17T13:56:28.199288+00:00,43.869,2026-04-17T13:55:44.402296+00:00,2026-04-17T13:56:20.479295+00:00,36.077,6249.994,3272.718,21220.16,21792.138,3400.16,268.155,5780.848,200.956,6249.994,413.9,4409.743,3227.596,17373.795,17380.856,26.197,3835.357,108.946,90.162,18.784,0.108,890973.73,sda,1.243,0.0,1.107,0.242,14063.568,15262.811,731952.526,1291726.316,14.105,0.0,43.514,65.081,0.0,20.0,16.0,4.744,4.744,28.609,93.5,15.281,151.0,25.0,968888.0,36.0,6.4,25.0,5.94,31.0,889589.0,32.0,1430881.0,32.0,67.0,25.0,87.688,27.701,46.5,27.701,93.5,0.0,multi-5x4w,500.0,per_request,multi-5x4w-stag500-r,4,qwen3-235b8x2,task-01-run4/Multi-5x4w-Stag150-300-500-request/summary.md; task-01-run4/SingleW-Mul5x4w-Single5x4i-Mul5x2ix2w-500-req/summary.md,multi-5x4w-stag500,0.8496987628936767,13.733953125,0.5543698201069934,1.0,,,,,,,,,,,,,,,,,,,,,,,,,,,,,,,,,,,,,,,,,,,,,,,,,,,,,,,,,,,,,,,,,,,,,,,,,,,,,,,,,,,,,,,,,,,,,,,,,,,,,,,,,,,,,,,,,,,,,,,,,,,,,,,,,,,,,,,
/root/Zehao/ClawHarness/out/batch_run_1/task-01/20260416T151659Z_vps-docker-qwen3-32b8x2-multi-inst-5x2ix2w-stag500-request,2,20,20,0,2026-04-16T15:17:14.506517+00:00,2026-04-16T15:19:48.308301+00:00,153.802,2026-04-16T15:17:15.280253+00:00,2026-04-16T15:19:26.139426+00:00,130.859,23702.205,23227.559,40002.007,45031.05,5744.487,34.189,22970.959,697.017,23702.205,48.081,591.121,23206.9,39400.887,45014.226,3890.935,9832.964,73.51,59.991,13.519,0.093,1688957.247,sda,0.745,0.0,1.033,0.284,11256.445,9327.748,871618.735,1404746.039,31.487,0.007,78.229,46.035,0.0,,,,,,,,247.0,1.0,2076292.0,33.0,4.8,23.0,4.46,23.0,1041133.5,29.0,1650914.5,29.0,63.0,88.0,,,,,,,multi-inst-5x2ix2w,500.0,per_request,multi-5x2ix2w-stag500-r,1,qwen3-32b8x2,task-01-run1/vps-docker-qwen3-32b8x2-single-20-request-vs-vps-docker-qwen3-32b8x2-multi-5x4w-stag300-request-vs-vps-docker-qwen3-32b8x2-single-inst-5x4i-request-vs-vps-docker-qwen3-32b8x2-multi-inst-5x2ix2w-stag500-request-sys/summary.md,multi-inst-5x2ix2w-500,1.610715147972107,10.9926220703125,0.15283625887405528,1.0,,,,,,,,,,,,,,,,,,,,,,,,,,,,,,,,,,,,,,,,,,,,,,,,,,,,,,,,,,,,,,,,,,,,,,,,,,,,,,,,,,,,,,,,,,,,,,,,,,,,,,,,,,,,,,,,,,,,,,,,,,,,,,,,,,,,,,,
/root/Zehao/ClawHarness/out/batch_run_2/task-01/20260416T193804Z_vps-docker-qwen3-235b8x2-multi-inst-5x2ix2w-stag500-request,2,20,20,0,2026-04-16T19:38:20.617239+00:00,2026-04-16T19:39:48.351054+00:00,87.734,2026-04-16T19:38:20.683769+00:00,2026-04-16T19:39:34.874600+00:00,74.191,11870.157,8973.713,20555.677,38120.917,9324.409,11.245,11112.151,746.727,11870.157,37.475,43.133,8923.419,17165.637,34142.645,3973.701,4013.136,116.275,97.682,18.593,0.394,1723885.376,sda,1.463,0.03,0.78,0.203,18314.672,18468.254,771396.615,1312154.121,23.687,0.006,58.995,170.33,0.0,20.0,16.5,1.714,1.714,53.997,92.0,27.587,343.0,48.0,2030104.0,33.0,10.4,36.0,3.515,12.0,881682.5,30.0,1501874.0,81.0,68.5,32.0,90.125,27.433,47.438,27.433,92.0,0.0,multi-inst-5x2ix2w,500.0,per_request,multi-5x2ix2w-stag500-r,2,qwen3-235b8x2,task-01-run2/SingleW-Mul5x4w-Single5x4i-Mul5x2ix2w-500-req/summary.md,multi-inst-5x2ix2w-500,1.6440252075195312,17.885421875,0.2695744766885471,1.0,,,,,,,,,,,,,,,,,,,,,,,,,,,,,,,,,,,,,,,,,,,,,,,,,,,,,,,,,,,,,,,,,,,,,,,,,,,,,,,,,,,,,,,,,,,,,,,,,,,,,,,,,,,,,,,,,,,,,,,,,,,,,,,,,,,,,,,
/root/Zehao/ClawHarness/out/batch_run_3/task-01/20260417T101101Z_vps-docker-qwen3-235b8x2-multi-inst-5x2ix2w-stag500-request,2,20,20,0,2026-04-17T10:11:17.022253+00:00,2026-04-17T10:12:37.944181+00:00,80.922,2026-04-17T10:11:17.090495+00:00,2026-04-17T10:12:22.294094+00:00,65.204,11425.035,9535.048,21148.653,21372.811,4147.438,8.831,10844.54,571.622,11425.035,44.726,54.977,9518.534,17769.506,20722.353,3598.227,4232.83,93.446,75.797,17.649,0.162,1250742.324,sda,1.135,0.0,0.624,0.226,14096.027,11185.081,786730.662,1313561.339,27.489,0.013,61.324,82.973,0.0,20.0,17.0,1.713,1.713,62.258,92.0,32.375,309.0,9.0,1743812.0,22.0,7.2,65.0,4.18,12.0,895636.5,28.0,1440547.0,28.0,63.5,22.0,91.062,27.998,47.938,27.998,92.0,0.0,multi-inst-5x2ix2w,500.0,per_request,multi-5x2ix2w-stag500-r,3,qwen3-235b8x2,task-01-run3/SingleW-Mul5x4w-Single5x4i-Mul5x2ix2w-500-req/summary.md,multi-inst-5x2ix2w-500,1.1928008308410645,13.7656513671875,0.30672964848782286,1.0,,,,,,,,,,,,,,,,,,,,,,,,,,,,,,,,,,,,,,,,,,,,,,,,,,,,,,,,,,,,,,,,,,,,,,,,,,,,,,,,,,,,,,,,,,,,,,,,,,,,,,,,,,,,,,,,,,,,,,,,,,,,,,,,,,,,,,,
/root/Zehao/ClawHarness/out/batch_run_4/task-01/20260417T140456Z_vps-docker-qwen3-235b8x2-multi-inst-5x2ix2w-stag500-request,2,20,20,0,2026-04-17T14:05:10.290849+00:00,2026-04-17T14:06:24.063320+00:00,73.772,2026-04-17T14:05:10.357046+00:00,2026-04-17T14:05:56.007609+00:00,45.651,6914.424,3102.909,14518.505,18375.589,805.283,34.751,6219.818,659.817,6914.424,28.554,610.506,2952.528,14509.429,18363.472,2804.957,10258.548,104.165,85.614,18.551,0.134,1487708.408,sda,0.975,0.0,0.982,0.282,13898.232,13907.356,764137.665,1312433.002,20.93,0.0,53.771,66.562,0.0,19.0,16.158,4.185,4.185,43.462,94.0,22.176,246.0,9.0,1926032.0,34.0,5.2,59.0,5.555,25.0,882413.5,37.0,1458338.0,32.0,50.5,38.0,83.688,36.857,43.875,18.379,94.0,0.0,multi-inst-5x2ix2w,500.0,per_request,multi-5x2ix2w-stag500-r,4,qwen3-235b8x2,task-01-run4/SingleW-Mul5x4w-Single5x4i-Mul5x2ix2w-500-req/summary.md,multi-inst-5x2ix2w-500,1.4187892990112305,13.5724921875,0.43810650369104726,1.0,,,,,,,,,,,,,,,,,,,,,,,,,,,,,,,,,,,,,,,,,,,,,,,,,,,,,,,,,,,,,,,,,,,,,,,,,,,,,,,,,,,,,,,,,,,,,,,,,,,,,,,,,,,,,,,,,,,,,,,,,,,,,,,,,,,,,,,
/root/Zehao/ClawHarness/out/batch_run_1/task-01/20260416T132159Z_vps-docker-qwen3-32b8x2-single-20-request,1,20,20,0,2026-04-16T13:22:07.496235+00:00,2026-04-16T13:26:27.277752+00:00,259.782,2026-04-16T13:22:08.235413+00:00,2026-04-16T13:26:19.587649+00:00,251.352,12567.561,12659.291,13504.993,37712.032,738.83,4.346,12358.068,205.107,12567.561,22.834,25.308,12649.275,13494.578,33783.328,19.06,3924.809,25.654,20.909,4.745,0.024,727324.444,sda,0.424,0.0,0.296,0.037,4114.159,3656.782,950504.452,1533768.694,32.524,0.004,46.778,13.368,0.0,,,,,,,,174.0,38.0,1033456.0,29.0,6.8,22.0,3.01,59.0,1163898.0,156.0,1892966.0,156.0,63.0,128.0,,,,,,,single,,per_request,single-r,1,qwen3-32b8x2,task-01-run1/vps-docker-qwen3-32b8x2-single-20-request-vs-vps-docker-qwen3-32b8x2-multi-5x4w-stag150-request-vs-vps-docker-qwen3-32b8x2-multi-5x4w-stag300-request-vs-vps-docker-qwen3-32b8x2-multi-5x4w-stag500-request-sys/summary.md; task-01-run1/vps-docker-qwen3-32b8x2-single-20-request-vs-vps-docker-qwen3-32b8x2-multi-5x4w-stag300-request-vs-vps-docker-qwen3-32b8x2-single-inst-5x4i-request-vs-vps-docker-qwen3-32b8x2-multi-inst-5x2ix2w-stag500-request-sys/summary.md,single-20; single-w,0.6936306419372559,4.0177333984375,0.0795696871319902,1.0,,,,,,,,,,,,,,,,,,,,,,,,,,,,,,,,,,,,,,,,,,,,,,,,,,,,,,,,,,,,,,,,,,,,,,,,,,,,,,,,,,,,,,,,,,,,,,,,,,,,,,,,,,,,,,,,,,,,,,,,,,,,,,,,,,,,,,,
/root/Zehao/ClawHarness/out/batch_run_2/task-01/20260416T191122Z_vps-docker-qwen3-235b8x2-single-20-request,1,20,20,0,2026-04-16T19:11:32.744164+00:00,2026-04-16T19:13:35.127188+00:00,122.383,2026-04-16T19:11:32.820609+00:00,2026-04-16T19:13:20.476059+00:00,107.655,5382.726,4659.412,5324.246,18552.41,76.176,5.688,5172.102,204.896,5382.726,11.023,22.391,4651.527,5313.565,14581.131,8.588,3966.402,34.961,27.631,7.33,0.089,1015687.893,sda,0.64,0.0,0.399,0.075,6401.5,6402.683,849986.522,1382521.115,30.991,0.0,31.515,34.07,0.0,20.0,16.15,3.342,3.342,57.344,92.0,20.052,130.0,1.0,1103524.0,99.0,8.0,27.0,3.0,2.0,1086235.0,64.0,1740078.0,64.0,66.0,46.0,73.875,65.946,27.562,65.946,92.0,0.0,single,,per_request,single-r,2,qwen3-235b8x2,task-01-run2/SingleW-Mul5x4w-Single5x4i-Mul5x2ix2w-500-req/summary.md; task-01-run2/SingleW-SingleQ-SingleInstW-SingleInstReq/summary.md,single-r; single-w,0.9686354570388794,6.25146484375,0.1857786447447866,1.0,,,,,,,,,,,,,,,,,,,,,,,,,,,,,,,,,,,,,,,,,,,,,,,,,,,,,,,,,,,,,,,,,,,,,,,,,,,,,,,,,,,,,,,,,,,,,,,,,,,,,,,,,,,,,,,,,,,,,,,,,,,,,,,,,,,,,,,
/root/Zehao/ClawHarness/out/batch_run_3/task-01/20260417T094635Z_vps-docker-qwen3-235b8x2-single-20-request,1,20,20,0,2026-04-17T09:46:42.364230+00:00,2026-04-17T09:48:51.772497+00:00,129.408,2026-04-17T09:46:42.435141+00:00,2026-04-17T09:48:39.649807+00:00,117.215,5860.686,4861.988,5158.431,24784.4,70.545,3.43,5645.378,211.837,5860.686,7.147,18.233,4852.591,5151.154,20677.747,9.17,4102.638,42.836,34.426,8.41,0.049,818349.967,sda,0.776,0.0,0.373,0.071,7244.656,7453.869,845172.902,1385974.894,29.22,0.024,32.041,26.402,0.0,20.0,16.5,3.267,3.267,52.99,92.0,19.125,147.0,98.0,959528.0,33.0,13.6,30.0,2.06,60.0,1026767.0,78.0,1586957.0,120.0,66.0,77.0,73.75,64.9,26.562,45.485,92.0,0.0,single,,per_request,single-r,3,qwen3-235b8x2,task-01-run3/SingleW-Mul5x4w-Single5x4i-Mul5x2ix2w-500-req/summary.md; task-01-run3/SingleW-SingleQ-SingleInstW-SingleInstReq/summary.md,single-r; single-w,0.7804393453598022,7.074859375,0.17062662628503178,1.0,,,,,,,,,,,,,,,,,,,,,,,,,,,,,,,,,,,,,,,,,,,,,,,,,,,,,,,,,,,,,,,,,,,,,,,,,,,,,,,,,,,,,,,,,,,,,,,,,,,,,,,,,,,,,,,,,,,,,,,,,,,,,,,,,,,,,,,
/root/Zehao/ClawHarness/out/batch_run_4/task-01/20260417T134840Z_vps-docker-qwen3-235b8x2-single-20-request,1,20,20,0,2026-04-17T13:48:47.361040+00:00,2026-04-17T13:49:48.646869+00:00,61.286,2026-04-17T13:48:47.455688+00:00,2026-04-17T13:49:37.487368+00:00,50.032,2501.542,1699.19,1782.849,17767.614,94.302,2.674,2297.358,201.473,2501.542,8.306,17.617,1692.205,1776.343,13839.042,6.372,3924.486,65.982,54.418,11.564,0.073,877939.709,sda,0.936,0.0,0.903,0.253,12054.4,13222.473,770304.982,1340610.696,16.018,0.0,39.4,39.491,0.0,20.0,16.05,9.058,9.058,27.552,93.5,10.792,131.0,1.0,914220.0,50.0,9.6,40.0,5.74,22.0,936206.0,12.0,1484633.0,46.0,66.0,11.0,37.875,36.896,16.812,36.896,93.5,0.0,single,,per_request,single-r,4,qwen3-235b8x2,task-01-run4/SingleW-Mul5x4w-Single5x4i-Mul5x2ix2w-500-req/summary.md; task-01-run4/SingleW-SingleQ-SingleInstW-SingleInstReq/summary.md,single-r; single-w,0.8372685518264771,11.771875,0.3997441637352095,1.0,,,,,,,,,,,,,,,,,,,,,,,,,,,,,,,,,,,,,,,,,,,,,,,,,,,,,,,,,,,,,,,,,,,,,,,,,,,,,,,,,,,,,,,,,,,,,,,,,,,,,,,,,,,,,,,,,,,,,,,,,,,,,,,,,,,,,,,
/root/Zehao/ClawHarness/out/batch_run_1/task-01/20260416T135316Z_vps-docker-qwen3-32b8x2-single-inst-5x4i-request,4,20,20,0,2026-04-16T13:53:47.994698+00:00,2026-04-16T13:56:02.055764+00:00,134.061,2026-04-16T13:53:48.069632+00:00,2026-04-16T13:55:39.184395+00:00,111.115,19019.368,17579.462,29442.295,31737.685,7391.217,9.831,18173.444,836.054,19019.368,42.929,51.219,17568.088,25461.605,27679.778,4053.137,4458.059,137.688,113.544,24.143,0.197,3330165.045,sda,1.297,0.036,0.762,0.265,19572.718,19387.202,875306.225,1416360.648,32.027,0.015,118.882,92.325,0.0,,,,,,,,472.0,24.0,4097624.0,32.0,9.0,15.0,2.88,15.0,960446.75,65.0,1517828.25,113.0,59.25,64.0,,,,,,,single-inst-5x4i,,per_request,single-inst-5x4i-r,1,qwen3-32b8x2,task-01-run1/vps-docker-qwen3-32b8x2-single-20-request-vs-vps-docker-qwen3-32b8x2-multi-5x4w-stag300-request-vs-vps-docker-qwen3-32b8x2-single-inst-5x4i-request-vs-vps-docker-qwen3-32b8x2-multi-inst-5x2ix2w-stag500-request-sys/summary.md,multi-inst-5x4i,3.1758928728103637,19.113982421875,0.1799937002204923,1.0,,,,,,,,,,,,,,,,,,,,,,,,,,,,,,,,,,,,,,,,,,,,,,,,,,,,,,,,,,,,,,,,,,,,,,,,,,,,,,,,,,,,,,,,,,,,,,,,,,,,,,,,,,,,,,,,,,,,,,,,,,,,,,,,,,,,,,,
/root/Zehao/ClawHarness/out/batch_run_2/task-01/20260416T192959Z_vps-docker-qwen3-235b8x2-single-inst-5x4i-request,4,20,20,0,2026-04-16T19:30:34.477731+00:00,2026-04-16T19:32:38.411778+00:00,123.934,2026-04-16T19:30:34.562898+00:00,2026-04-16T19:31:39.354804+00:00,64.792,11038.935,8480.94,19634.753,37387.22,2535.749,8.023,10255.945,774.924,11038.935,27.454,35.562,8472.471,15847.561,33515.782,3867.856,3944.455,160.992,134.327,26.665,0.25,3227186.451,sda,1.564,0.15,0.824,0.35,24263.307,26942.268,775969.573,1344737.595,21.852,0.017,74.776,124.097,0.0,20.0,16.85,1.932,1.932,43.668,92.0,21.392,479.0,1.0,4042440.0,24.0,8.2,9.0,3.315,27.0,879478.75,63.0,1474842.5,86.0,58.25,46.0,91.188,66.39,48.688,37.198,92.0,0.0,single-inst-5x4i,,per_request,single-inst-5x4i-r,2,qwen3-235b8x2,task-01-run2/SingleW-Mul5x4w-Single5x4i-Mul5x2ix2w-500-req/summary.md; task-01-run2/SingleW-SingleQ-SingleInstW-SingleInstReq/summary.md,multi-inst-5x4i; single-inst-r,3.077684832572937,23.6946357421875,0.30868008396098284,1.0,,,,,,,,,,,,,,,,,,,,,,,,,,,,,,,,,,,,,,,,,,,,,,,,,,,,,,,,,,,,,,,,,,,,,,,,,,,,,,,,,,,,,,,,,,,,,,,,,,,,,,,,,,,,,,,,,,,,,,,,,,,,,,,,,,,,,,,
/root/Zehao/ClawHarness/out/batch_run_3/task-01/20260417T100212Z_vps-docker-qwen3-235b8x2-single-inst-5x4i-request,4,20,20,0,2026-04-17T10:02:44.051889+00:00,2026-04-17T10:04:13.964148+00:00,89.912,2026-04-17T10:02:44.170530+00:00,2026-04-17T10:03:44.251022+00:00,60.08,11248.847,9063.101,22376.036,23549.777,2124.389,10.538,10352.446,885.825,11248.847,34.375,46.589,9024.259,18123.244,18787.094,4455.489,4758.419,166.981,133.06,33.921,0.306,2410097.082,sda,1.385,0.012,0.973,0.621,28898.168,31921.687,787868.63,1346129.848,24.822,0.009,109.616,145.437,0.0,20.0,16.9,1.76,1.76,51.056,92.0,25.786,513.0,24.0,3405768.0,16.0,6.1,8.0,3.42,24.0,866540.5,61.0,1450004.25,16.0,54.5,56.0,92.062,66.309,48.625,66.309,92.0,0.0,single-inst-5x4i,,per_request,single-inst-5x4i-r,3,qwen3-235b8x2,task-01-run3/SingleW-Mul5x4w-Single5x4i-Mul5x2ix2w-500-req/summary.md; task-01-run3/SingleW-SingleQ-SingleInstW-SingleInstReq/summary.md,multi-inst-5x4i; single-inst-r,2.298447687149048,28.2208671875,0.33288948069241014,1.0,,,,,,,,,,,,,,,,,,,,,,,,,,,,,,,,,,,,,,,,,,,,,,,,,,,,,,,,,,,,,,,,,,,,,,,,,,,,,,,,,,,,,,,,,,,,,,,,,,,,,,,,,,,,,,,,,,,,,,,,,,,,,,,,,,,,,,,
/root/Zehao/ClawHarness/out/batch_run_4/task-01/20260417T135839Z_vps-docker-qwen3-235b8x2-single-inst-5x4i-request,4,20,20,0,2026-04-17T13:59:11.448713+00:00,2026-04-17T14:00:11.042251+00:00,59.594,2026-04-17T13:59:11.609570+00:00,2026-04-17T13:59:37.032925+00:00,25.423,4971.895,2559.325,15257.345,15369.184,155.378,6.966,4172.369,792.522,4971.895,25.862,29.17,2539.262,11351.013,11352.431,4012.823,4035.64,190.719,156.442,34.277,0.41,2667390.967,sda,1.721,0.0,0.866,0.417,25943.945,24042.204,731501.174,1338274.955,11.993,0.009,88.997,172.326,0.0,20.0,16.0,5.561,5.561,16.284,93.57,8.099,366.0,2.0,3197428.0,9.0,6.3,9.0,2.388,29.0,795603.75,28.0,1414507.5,31.0,29.5,20.0,64.5,18.743,31.75,18.743,93.625,18.594,single-inst-5x4i,,per_request,single-inst-5x4i-r,4,qwen3-235b8x2,task-01-run4/SingleW-Mul5x4w-Single5x4i-Mul5x2ix2w-500-req/summary.md; task-01-run4/SingleW-SingleQ-SingleInstW-SingleInstReq/summary.md,multi-inst-5x4i; single-inst-r,2.5438222570419313,25.3358837890625,0.7866892184242615,1.0,,,,,,,,,,,,,,,,,,,,,,,,,,,,,,,,,,,,,,,,,,,,,,,,,,,,,,,,,,,,,,,,,,,,,,,,,,,,,,,,,,,,,,,,,,,,,,,,,,,,,,,,,,,,,,,,,,,,,,,,,,,,,,,,,,,,,,,
/root/Zehao/ClawHarness/out/batch_run_1/task-01/20260416T132627Z_vps-docker-qwen3-32b8x2-multi-5x4w-stag150-worker,1,20,20,0,2026-04-16T13:26:35.107685+00:00,2026-04-16T13:31:41.253550+00:00,306.146,2026-04-16T13:26:35.757390+00:00,2026-04-16T13:31:29.785350+00:00,294.028,49922.709,45139.027,122611.658,167421.788,625.334,14.3,49729.722,178.647,49922.709,70.443,175.159,41936.124,122600.768,167233.931,130.777,3201.003,27.809,22.211,5.598,0.027,799579.374,sda,0.458,0.0,0.353,0.05,4807.116,4188.28,915296.149,1428124.288,35.417,0.003,52.236,14.392,0.0,,,,,,,,142.0,132.0,1061964.0,106.0,7.2,152.0,4.9,47.0,1145393.0,246.0,1824279.0,246.0,88.0,123.0,,,,,,,multi-5x4w,150.0,per_worker,multi-5x4w-stag150-w,1,qwen3-32b8x2,task-01-run1/vps-docker-qwen3-32b8x2-multi-5x4w-stag150-worker-vs-vps-docker-qwen3-32b8x2-multi-5x4w-stag300-worker-vs-vps-docker-qwen3-32b8x2-multi-5x4w-stag500-worker-sys/summary.md,multi-5x4w-stag150,0.7625383129119873,4.69444921875,0.06802073271933284,1.0,,,,,,,,,,,,,,,,,,,,,,,,,,,,,,,,,,,,,,,,,,,,,,,,,,,,,,,,,,,,,,,,,,,,,,,,,,,,,,,,,,,,,,,,,,,,,,,,,,,,,,,,,,,,,,,,,,,,,,,,,,,,,,,,,,,,,,,
/root/Zehao/ClawHarness/out/batch_run_2/task-01/20260416T191335Z_vps-docker-qwen3-235b8x2-multi-5x4w-stag150-worker,1,20,20,0,2026-04-16T19:13:43.915238+00:00,2026-04-16T19:15:24.144063+00:00,100.229,2026-04-16T19:13:43.997157+00:00,2026-04-16T19:15:07.609081+00:00,83.612,11184.935,9411.613,18846.211,36199.361,19619.977,6.521,10869.464,308.909,11184.935,36.925,38.809,9401.15,15844.746,33186.869,2999.827,3008.152,57.028,47.347,9.68,0.066,1020664.22,sda,0.687,0.011,0.493,0.117,9444.835,9626.762,766953.337,1300919.641,20.543,0.0,25.81,35.678,0.0,20.0,73.4,8.043,4.342,52.163,92.0,27.156,147.0,32.0,1047384.0,84.0,10.4,34.0,3.75,39.0,995382.0,58.0,1648899.0,58.0,84.0,74.0,93.062,53.977,51.25,53.977,92.0,0.0,multi-5x4w,150.0,per_worker,multi-5x4w-stag150-w,2,qwen3-235b8x2,task-01-run2/Multi-5x4w-Stag150-300-500-worker/summary.md,multi-5x4w-stag150,0.9733812522888183,9.2234716796875,0.23920011481605513,1.0,,,,,,,,,,,,,,,,,,,,,,,,,,,,,,,,,,,,,,,,,,,,,,,,,,,,,,,,,,,,,,,,,,,,,,,,,,,,,,,,,,,,,,,,,,,,,,,,,,,,,,,,,,,,,,,,,,,,,,,,,,,,,,,,,,,,,,,
/root/Zehao/ClawHarness/out/batch_run_3/task-01/20260417T094851Z_vps-docker-qwen3-235b8x2-multi-5x4w-stag150-worker,1,20,20,0,2026-04-17T09:49:00.261743+00:00,2026-04-17T09:51:09.198506+00:00,128.937,2026-04-17T09:49:07.279466+00:00,2026-04-17T09:50:55.729550+00:00,108.45,17514.409,12623.553,67009.629,70347.32,6856.433,36.192,16505.584,972.598,17514.409,183.825,217.819,12600.134,66998.67,70122.295,9613.873,9619.61,38.109,30.37,7.739,0.059,814683.866,sda,0.609,0.0,0.401,0.104,7208.471,7242.588,799591.942,1312613.642,27.208,0.0,25.294,31.782,0.0,20.0,74.95,36.226,34.666,71.817,92.0,37.038,159.0,31.0,962360.0,87.0,13.6,34.0,4.83,44.0,1028497.0,115.0,1697498.0,104.0,68.0,110.0,96.125,82.367,52.0,63.632,92.0,0.0,multi-5x4w,150.0,per_worker,multi-5x4w-stag150-w,3,qwen3-235b8x2,task-01-run3/Multi-5x4w-Stag150-300-500-worker/summary.md,multi-5x4w-stag150,0.776943078994751,7.0395224609375,0.18441678192715535,1.0,,,,,,,,,,,,,,,,,,,,,,,,,,,,,,,,,,,,,,,,,,,,,,,,,,,,,,,,,,,,,,,,,,,,,,,,,,,,,,,,,,,,,,,,,,,,,,,,,,,,,,,,,,,,,,,,,,,,,,,,,,,,,,,,,,,,,,,
/root/Zehao/ClawHarness/out/batch_run_4/task-01/20260417T134948Z_vps-docker-qwen3-235b8x2-multi-5x4w-stag150-worker,1,20,20,0,2026-04-17T13:49:57.119999+00:00,2026-04-17T13:51:07.904777+00:00,70.785,2026-04-17T13:50:03.936045+00:00,2026-04-17T13:50:56.718002+00:00,52.782,9892.484,9749.402,15646.001,15835.807,6651.934,21.557,9387.924,482.968,9892.484,169.899,172.571,9235.794,15556.042,15653.996,22.066,9473.329,65.727,54.381,11.346,0.063,918309.206,sda,0.686,0.0,0.695,0.134,9202.159,8753.423,761304.312,1296139.812,21.641,0.0,29.074,38.846,0.0,20.0,66.35,10.14,6.764,52.464,93.5,27.688,160.0,21.0,968116.0,50.0,4.4,17.0,5.14,24.0,913700.0,45.0,1497125.0,45.0,76.0,40.0,92.875,45.548,50.062,45.548,93.5,0.0,multi-5x4w,150.0,per_worker,multi-5x4w-stag150-w,4,qwen3-235b8x2,task-01-run4/Multi-5x4w-Stag150-300-500-worker/summary.md,multi-5x4w-stag150,0.8757679042816162,8.9864833984375,0.37891705505664813,1.0,,,,,,,,,,,,,,,,,,,,,,,,,,,,,,,,,,,,,,,,,,,,,,,,,,,,,,,,,,,,,,,,,,,,,,,,,,,,,,,,,,,,,,,,,,,,,,,,,,,,,,,,,,,,,,,,,,,,,,,,,,,,,,,,,,,,,,,
/root/Zehao/ClawHarness/out/batch_run_1/task-01/20260416T133412Z_vps-docker-qwen3-32b8x2-multi-5x4w-stag300-worker,1,20,20,0,2026-04-16T13:34:19.925292+00:00,2026-04-16T13:38:28.543158+00:00,248.618,2026-04-16T13:34:20.697749+00:00,2026-04-16T13:38:17.748987+00:00,237.051,45518.749,45706.73,72247.396,101460.015,521.615,9.115,45328.164,181.429,45518.749,32.403,93.356,45633.837,72229.241,101442.409,91.34,3175.01,33.329,26.32,7.008,0.038,845248.084,sda,0.535,0.004,0.358,0.056,5776.308,5943.052,883693.55,1398899.542,33.357,0.017,45.099,18.316,0.0,,,,,,,,178.0,119.0,1059368.0,104.0,8.8,95.0,4.03,48.0,1058823.0,84.0,1709580.0,84.0,128.0,52.0,,,,,,,multi-5x4w,300.0,per_worker,multi-5x4w-stag300-w,1,qwen3-32b8x2,task-01-run1/vps-docker-qwen3-32b8x2-multi-5x4w-stag150-worker-vs-vps-docker-qwen3-32b8x2-multi-5x4w-stag300-worker-vs-vps-docker-qwen3-32b8x2-multi-5x4w-stag500-worker-sys/summary.md; task-01-run1/vps-docker-qwen3-32b8x2-single-20-worker-vs-vps-docker-qwen3-32b8x2-multi-5x4w-stag300-worker-vs-vps-docker-qwen3-32b8x2-single-inst-5x4i-worker-vs-vps-docker-qwen3-32b8x2-multi-inst-5x2ix2w-stag500-worker-sys/summary.md,multi-5x4w-stag300; multi-5x4w-stag500,0.8060913887023926,5.64092578125,0.08437003007791573,1.0,,,,,,,,,,,,,,,,,,,,,,,,,,,,,,,,,,,,,,,,,,,,,,,,,,,,,,,,,,,,,,,,,,,,,,,,,,,,,,,,,,,,,,,,,,,,,,,,,,,,,,,,,,,,,,,,,,,,,,,,,,,,,,,,,,,,,,,
/root/Zehao/ClawHarness/out/batch_run_2/task-01/20260416T191705Z_vps-docker-qwen3-235b8x2-multi-5x4w-stag300-worker,1,20,20,0,2026-04-16T19:17:14.468539+00:00,2026-04-16T19:18:36.061995+00:00,81.593,2026-04-16T19:17:14.533229+00:00,2026-04-16T19:18:27.572256+00:00,73.039,10324.01,8262.372,19565.767,36169.209,16668.928,36.59,10101.808,185.572,10324.01,203.883,211.251,8251.93,19548.877,32647.252,26.531,3517.998,71.507,59.562,11.945,0.096,1002665.479,sda,0.908,0.027,0.536,0.173,11802.192,11841.973,758531.919,1288652.541,24.473,0.014,28.192,50.301,0.0,20.0,57.85,7.37,2.92,54.961,92.0,28.117,128.0,1.0,1042224.0,72.0,7.6,45.0,3.69,59.0,995508.0,27.0,1557847.0,22.0,74.0,48.0,93.938,64.129,50.438,36.644,92.0,0.0,multi-5x4w,300.0,per_worker,multi-5x4w-stag300-w,2,qwen3-235b8x2,task-01-run2/Multi-5x4w-Stag150-300-500-worker/summary.md,multi-5x4w-stag300,0.9562163152694703,11.525578125,0.2738263119703172,1.0,,,,,,,,,,,,,,,,,,,,,,,,,,,,,,,,,,,,,,,,,,,,,,,,,,,,,,,,,,,,,,,,,,,,,,,,,,,,,,,,,,,,,,,,,,,,,,,,,,,,,,,,,,,,,,,,,,,,,,,,,,,,,,,,,,,,,,,
/root/Zehao/ClawHarness/out/batch_run_3/task-01/20260417T095237Z_vps-docker-qwen3-235b8x2-multi-5x4w-stag300-worker,1,20,20,0,2026-04-17T09:52:46.168760+00:00,2026-04-17T09:54:00.107097+00:00,73.938,2026-04-17T09:52:53.710029+00:00,2026-04-17T09:53:56.462400+00:00,62.752,11429.201,11043.751,21058.254,21649.955,7276.471,22.633,10450.431,956.1,11429.201,181.194,184.134,11024.746,21047.44,21452.439,9467.531,9469.831,54.753,44.986,9.767,0.123,921722.411,sda,0.774,0.0,0.526,0.089,8204.219,7714.247,775075.986,1300403.865,23.216,0.0,25.699,51.164,0.0,20.0,74.45,40.374,37.044,59.102,92.0,31.102,139.0,21.0,969040.0,63.0,6.4,12.0,3.61,42.0,993394.0,71.0,1489069.0,51.0,71.0,22.0,90.562,45.573,50.0,45.573,92.0,0.0,multi-5x4w,300.0,per_worker,multi-5x4w-stag300-w,3,qwen3-235b8x2,task-01-run3/Multi-5x4w-Stag150-300-500-worker/summary.md,multi-5x4w-stag300,0.8790229902267456,8.0119326171875,0.3187149413564508,1.0,,,,,,,,,,,,,,,,,,,,,,,,,,,,,,,,,,,,,,,,,,,,,,,,,,,,,,,,,,,,,,,,,,,,,,,,,,,,,,,,,,,,,,,,,,,,,,,,,,,,,,,,,,,,,,,,,,,,,,,,,,,,,,,,,,,,,,,
/root/Zehao/ClawHarness/out/batch_run_4/task-01/20260417T135200Z_vps-docker-qwen3-235b8x2-multi-5x4w-stag300-worker,1,20,20,0,2026-04-17T13:52:08.019987+00:00,2026-04-17T13:53:18.460655+00:00,70.441,2026-04-17T13:52:08.086455+00:00,2026-04-17T13:53:11.689935+00:00,63.603,10530.203,9674.466,14747.619,18570.033,3566.262,31.804,10307.378,190.969,10530.203,117.859,465.855,9657.164,14733.891,18561.513,17.375,3679.393,51.877,43.228,8.649,0.061,912011.636,sda,0.598,0.0,0.66,0.102,6881.818,6884.958,791675.284,1307475.851,24.478,0.03,31.145,32.462,0.0,20.0,84.6,8.348,4.869,67.062,93.5,35.036,139.0,39.0,957288.0,38.0,5.6,9.0,5.6,17.0,1030646.0,63.0,1569692.0,34.0,67.0,48.0,93.938,47.925,51.312,47.925,93.5,0.0,multi-5x4w,300.0,per_worker,multi-5x4w-stag300-w,4,qwen3-235b8x2,task-01-run4/Multi-5x4w-Stag150-300-500-worker/summary.md,multi-5x4w-stag300,0.8697620735168458,6.720525390625,0.31445057623068096,1.0,,,,,,,,,,,,,,,,,,,,,,,,,,,,,,,,,,,,,,,,,,,,,,,,,,,,,,,,,,,,,,,,,,,,,,,,,,,,,,,,,,,,,,,,,,,,,,,,,,,,,,,,,,,,,,,,,,,,,,,,,,,,,,,,,,,,,,,
/root/Zehao/ClawHarness/out/batch_run_1/task-01/20260416T134055Z_vps-docker-qwen3-32b8x2-multi-5x4w-stag500-worker,1,20,20,0,2026-04-16T13:41:04.048554+00:00,2026-04-16T13:45:55.842057+00:00,291.794,2026-04-16T13:41:04.702548+00:00,2026-04-16T13:45:50.947789+00:00,286.245,44304.27,37044.969,80705.627,93148.206,16489.151,26.274,44086.487,191.469,44304.27,175.992,238.899,37016.605,80667.52,93109.145,56.176,3519.225,29.979,23.416,6.563,0.028,845271.762,sda,0.445,0.003,0.333,0.06,4970.797,4953.748,909736.568,1436127.972,34.596,0.007,48.409,14.584,0.0,,,,,,,,213.0,115.0,1095796.0,106.0,12.0,38.0,3.37,32.0,1132934.0,279.0,1855645.0,279.0,70.0,93.0,,,,,,,multi-5x4w,500.0,per_worker,multi-5x4w-stag500-w,1,qwen3-32b8x2,task-01-run1/vps-docker-qwen3-32b8x2-multi-5x4w-stag150-worker-vs-vps-docker-qwen3-32b8x2-multi-5x4w-stag300-worker-vs-vps-docker-qwen3-32b8x2-multi-5x4w-stag500-worker-sys/summary.md; task-01-run1/vps-docker-qwen3-32b8x2-single-20-worker-vs-vps-docker-qwen3-32b8x2-multi-5x4w-stag500-worker-vs-vps-docker-qwen3-32b8x2-single-inst-5x4i-worker-sys/summary.md,multi-5x4w-stag500,0.8061139698028564,4.8542939453125,0.0698702160736432,1.0,8.589,10.265,0.0,81.16,920567155.512,1598118.787,1074485987.01,0.445,0.333,0.06,909736.568,1436127.972,34.596,0.007,29.979,845271.762,4953.748,0.0,48.409,14.584,,,,0.0,4970.797,,,,,,,,,,152.34,0.0,0.05,2.524,213.0,115.0,1095796.0,106.0,12.0,38.0,3.37,32.0,1132934.0,279.0,1855645.0,279.0,,,,,,,,,,,,,,,,,,,,,,,,,,,,,,,,,,,,,,291.794,,,,,,,,0.0,0.0,0.0,0.0,0.0,0.0,0.0,0.0,31.802,42.0,,,,0.0,,,,,,,,,,,,,,,,,,,,131.618,0.0,0.022,0.117,0.4,64586.0,19573.0
/root/Zehao/ClawHarness/out/batch_run_2/task-01/20260416T192006Z_vps-docker-qwen3-235b8x2-multi-5x4w-stag500-worker,1,20,20,0,2026-04-16T19:20:14.994463+00:00,2026-04-16T19:22:09.410353+00:00,114.416,2026-04-16T19:20:15.065341+00:00,2026-04-16T19:22:00.442789+00:00,105.377,16145.761,15351.649,20348.885,34730.049,13417.075,21.579,15956.947,167.194,16145.761,52.226,261.887,15336.905,20079.978,31720.558,76.778,3005.485,52.427,42.482,9.945,0.136,1001194.618,sda,0.718,0.0,0.595,0.114,8257.273,8448.8,786040.73,1305552.27,25.459,0.009,30.582,56.709,0.0,20.0,127.4,8.643,5.092,65.427,92.0,34.385,129.0,1.0,1092216.0,100.0,15.6,33.0,5.41,39.0,984179.0,106.0,1665592.0,22.0,68.0,64.0,95.75,91.905,52.188,54.734,92.0,0.0,multi-5x4w,500.0,per_worker,multi-5x4w-stag500-w,2,qwen3-235b8x2,task-01-run2/Multi-5x4w-Stag150-300-500-worker/summary.md; task-01-run2/SingleW-Mul5x4w-Single5x4i-Mul5x2ix2w-500-worker/summary.md,multi-5x4w-stag500,0.9548135929107666,8.0637431640625,0.1897947369919432,1.0,,,,,,,,,,,,,,,,,,,,,,,,,,,,,,,,,,,,,,,,,,,,,,,,,,,,,,,,,,,,,,,,,,,,,,,,,,,,,,,,,,,,,,,,,,,,,,,,,,,,,,,,,,,,,,,,,,,,,,,,,,,,,,,,,,,,,,,
/root/Zehao/ClawHarness/out/batch_run_3/task-01/20260417T095528Z_vps-docker-qwen3-235b8x2-multi-5x4w-stag500-worker,1,20,20,0,2026-04-17T09:55:37.130519+00:00,2026-04-17T09:58:02.372163+00:00,145.242,2026-04-17T09:55:37.201684+00:00,2026-04-17T09:57:55.071923+00:00,137.87,18057.52,17138.977,20794.795,81624.964,916.172,17.353,17864.29,175.84,18057.52,57.318,225.306,15873.769,20784.866,81611.582,31.986,3332.91,27.262,22.135,5.128,0.163,923725.22,sda,0.513,0.0,0.37,0.054,5447.972,5420.539,864150.319,1365902.106,33.305,0.0,26.298,57.709,0.0,20.0,118.5,8.338,4.116,78.65,92.0,36.337,139.0,65.0,958860.0,43.0,9.2,95.0,2.28,5.0,1113503.0,127.0,1710253.0,127.0,71.0,58.0,93.812,82.785,53.438,36.386,92.0,0.0,multi-5x4w,500.0,per_worker,multi-5x4w-stag500-w,3,qwen3-235b8x2,task-01-run3/Multi-5x4w-Stag150-300-500-worker/summary.md; task-01-run3/SingleW-Mul5x4w-Single5x4i-Mul5x2ix2w-500-worker/summary.md,multi-5x4w-stag500,0.8809330177307129,5.32028515625,0.14506419090447523,1.0,,,,,,,,,,,,,,,,,,,,,,,,,,,,,,,,,,,,,,,,,,,,,,,,,,,,,,,,,,,,,,,,,,,,,,,,,,,,,,,,,,,,,,,,,,,,,,,,,,,,,,,,,,,,,,,,,,,,,,,,,,,,,,,,,,,,,,,
/root/Zehao/ClawHarness/out/batch_run_4/task-01/20260417T135418Z_vps-docker-qwen3-235b8x2-multi-5x4w-stag500-worker,1,20,20,0,2026-04-17T13:54:27.021504+00:00,2026-04-17T13:55:36.898371+00:00,69.877,2026-04-17T13:54:27.092274+00:00,2026-04-17T13:55:24.380321+00:00,57.288,10026.616,8580.281,15561.519,17774.751,934.921,10.162,9814.524,201.893,10026.616,19.564,123.881,8568.67,15544.922,17748.113,15.214,3866.449,54.123,44.4,9.723,0.446,845903.815,sda,0.654,0.0,0.671,0.117,8936.185,10418.585,775645.258,1302836.848,26.03,0.0,30.323,164.123,0.0,20.0,68.0,7.645,5.454,56.732,93.5,29.911,153.0,40.0,952264.0,28.0,6.0,9.0,4.58,3.0,989430.0,58.0,1675411.0,15.0,67.0,38.0,95.5,46.913,51.812,18.776,93.5,0.0,multi-5x4w,500.0,per_worker,multi-5x4w-stag500-w,4,qwen3-235b8x2,task-01-run4/Multi-5x4w-Stag150-300-500-worker/summary.md; task-01-run4/SingleW-Mul5x4w-Single5x4i-Mul5x2ix2w-500-worker/summary.md,multi-5x4w-stag500,0.8067167425155639,8.7267431640625,0.3491132523390588,1.0,,,,,,,,,,,,,,,,,,,,,,,,,,,,,,,,,,,,,,,,,,,,,,,,,,,,,,,,,,,,,,,,,,,,,,,,,,,,,,,,,,,,,,,,,,,,,,,,,,,,,,,,,,,,,,,,,,,,,,,,,,,,,,,,,,,,,,,
/root/Zehao/ClawHarness/out/batch_run_1/task-01/20260416T151137Z_vps-docker-qwen3-32b8x2-multi-inst-5x2ix2w-stag500-worker,2,20,19,1,2026-04-16T15:11:52.190626+00:00,2026-04-16T15:16:59.298282+00:00,307.108,2026-04-16T15:11:52.262055+00:00,2026-04-16T15:16:40.529854+00:00,288.268,40587.619,29778.572,60151.18,188147.029,741.252,305.765,40103.405,178.409,40587.619,114.873,5657.214,28027.493,60138.124,188133.335,24.575,3156.039,34.982,27.898,7.084,0.044,1256895.894,sda,0.502,0.0,0.78,0.149,6316.031,6241.994,941026.624,1473082.649,37.132,0.005,75.436,23.22,0.0,,,,,,,,278.0,8.0,2026228.0,34.0,4.0,0.0,3.075,4.0,1099766.5,236.0,1738371.0,283.0,72.0,79.0,,,,,,,multi-inst-5x2ix2w,500.0,per_worker,multi-5x2ix2w-stag500-w,1,qwen3-32b8x2,task-01-run1/vps-docker-qwen3-32b8x2-single-20-worker-vs-vps-docker-qwen3-32b8x2-multi-5x4w-stag300-worker-vs-vps-docker-qwen3-32b8x2-single-inst-5x4i-worker-vs-vps-docker-qwen3-32b8x2-multi-inst-5x2ix2w-stag500-worker-sys/summary.md,multi-inst-5x2ix2w-500,1.1986693325042725,6.1679990234375,0.0659108884787767,0.95,,,,,,,,,,,,,,,,,,,,,,,,,,,,,,,,,,,,,,,,,,,,,,,,,,,,,,,,,,,,,,,,,,,,,,,,,,,,,,,,,,,,,,,,,,,,,,,,,,,,,,,,,,,,,,,,,,,,,,,,,,,,,,,,,,,,,,,
/root/Zehao/ClawHarness/out/batch_run_2/task-01/20260416T193634Z_vps-docker-qwen3-235b8x2-multi-inst-5x2ix2w-stag500-worker,2,20,20,0,2026-04-16T19:36:52.239739+00:00,2026-04-16T19:38:03.783395+00:00,71.544,2026-04-16T19:37:01.070022+00:00,2026-04-16T19:37:49.555006+00:00,48.485,8134.148,7631.887,17116.938,18439.092,12441.406,93.587,7104.392,936.131,8134.148,688.19,701.276,6243.141,17103.185,18426.505,9275.135,9281.194,124.797,105.145,19.652,0.449,1839959.826,sda,1.362,0.058,0.935,0.344,21003.101,21372.522,764543.071,1313773.586,22.293,0.014,50.928,194.391,0.0,20.0,46.45,22.433,19.106,47.866,92.0,24.241,244.0,19.0,2099580.0,33.0,6.2,14.0,3.695,31.0,911767.5,58.0,1456434.5,45.0,59.5,45.0,92.5,50.25,50.875,50.25,92.0,0.0,multi-inst-5x2ix2w,500.0,per_worker,multi-5x2ix2w-stag500-w,2,qwen3-235b8x2,task-01-run2/SingleW-Mul5x4w-Single5x4i-Mul5x2ix2w-500-worker/summary.md,multi-inst-5x2ix2w-500,1.7547224292755126,20.5108408203125,0.4124987109415283,1.0,,,,,,,,,,,,,,,,,,,,,,,,,,,,,,,,,,,,,,,,,,,,,,,,,,,,,,,,,,,,,,,,,,,,,,,,,,,,,,,,,,,,,,,,,,,,,,,,,,,,,,,,,,,,,,,,,,,,,,,,,,,,,,,,,,,,,,,
/root/Zehao/ClawHarness/out/batch_run_3/task-01/20260417T100858Z_vps-docker-qwen3-235b8x2-multi-inst-5x2ix2w-stag500-worker,2,20,20,0,2026-04-17T10:09:14.708357+00:00,2026-04-17T10:11:01.096814+00:00,106.388,2026-04-17T10:09:14.776319+00:00,2026-04-17T10:10:44.903638+00:00,90.127,15220.521,13250.743,27143.663,29289.514,698.846,46.316,14468.703,705.463,15220.521,208.83,624.851,13238.532,25805.592,27129.037,3479.221,10387.212,73.765,59.863,13.902,0.088,1434337.255,sda,1.185,0.0,0.564,0.155,14254.0,14321.529,806590.985,1332261.995,26.534,0.01,46.99,46.294,0.0,20.0,114.15,52.806,50.616,67.756,92.0,34.861,249.0,31.0,1902256.0,22.0,9.9,29.0,3.04,1.0,996503.0,90.0,1569265.0,90.0,65.0,37.0,96.375,55.435,52.188,55.435,92.0,0.0,multi-inst-5x2ix2w,500.0,per_worker,multi-5x2ix2w-stag500-w,3,qwen3-235b8x2,task-01-run3/SingleW-Mul5x4w-Single5x4i-Mul5x2ix2w-500-worker/summary.md,multi-inst-5x2ix2w-500,1.367890601158142,13.919921875,0.22190908384834734,1.0,,,,,,,,,,,,,,,,,,,,,,,,,,,,,,,,,,,,,,,,,,,,,,,,,,,,,,,,,,,,,,,,,,,,,,,,,,,,,,,,,,,,,,,,,,,,,,,,,,,,,,,,,,,,,,,,,,,,,,,,,,,,,,,,,,,,,,,
/root/Zehao/ClawHarness/out/batch_run_4/task-01/20260417T140307Z_vps-docker-qwen3-235b8x2-multi-inst-5x2ix2w-stag500-worker,2,20,20,0,2026-04-17T14:03:23.896300+00:00,2026-04-17T14:04:56.316899+00:00,92.421,2026-04-17T14:03:23.962232+00:00,2026-04-17T14:04:32.839182+00:00,68.877,10465.933,9581.437,15250.481,28845.977,4093.727,5.945,9885.278,574.674,10465.933,24.393,36.69,9552.522,12762.866,28835.661,4112.165,4119.961,74.959,59.924,15.035,0.095,1512333.463,sda,0.818,0.0,0.933,0.27,13465.327,12330.014,790251.528,1327375.481,20.614,0.0,42.488,51.93,0.0,20.0,73.0,7.597,4.589,55.097,93.969,27.493,245.0,9.0,1769572.0,33.0,4.8,16.0,5.94,16.0,924832.0,66.0,1530284.5,13.0,62.0,47.0,93.875,64.293,50.312,36.749,94.0,36.749,multi-inst-5x2ix2w,500.0,per_worker,multi-5x2ix2w-stag500-w,4,qwen3-235b8x2,task-01-run4/SingleW-Mul5x4w-Single5x4i-Mul5x2ix2w-500-worker/summary.md,multi-inst-5x2ix2w-500,1.4422735815048218,13.1497333984375,0.29037269335191723,1.0,,,,,,,,,,,,,,,,,,,,,,,,,,,,,,,,,,,,,,,,,,,,,,,,,,,,,,,,,,,,,,,,,,,,,,,,,,,,,,,,,,,,,,,,,,,,,,,,,,,,,,,,,,,,,,,,,,,,,,,,,,,,,,,,,,,,,,,
/root/Zehao/ClawHarness/out/batch_run_1/task-01/20260416T131415Z_vps-docker-qwen3-32b8x2-single-20-worker,1,20,20,0,2026-04-16T13:14:22.739492+00:00,2026-04-16T13:21:59.548547+00:00,456.809,2026-04-16T13:14:23.491679+00:00,2026-04-16T13:21:49.359766+00:00,445.868,22293.35,21906.624,37639.82,50101.857,751.843,2.71,22087.061,203.534,22293.35,3.82,18.924,21892.522,33852.894,50070.473,57.372,3783.053,17.92,14.27,3.65,0.02,710752.87,sda,0.286,0.0,0.299,0.03,2934.61,2927.148,980709.007,1547219.733,33.76,0.002,44.818,11.813,0.0,,,,,,,,169.0,38.0,1005644.0,30.0,10.8,105.0,3.51,19.0,1188898.0,378.0,1925574.0,378.0,73.0,106.0,,,,,,,single,,per_worker,single-w,1,qwen3-32b8x2,task-01-run1/vps-docker-qwen3-32b8x2-single-20-worker-vs-vps-docker-qwen3-32b8x2-multi-5x4w-stag300-worker-vs-vps-docker-qwen3-32b8x2-single-inst-5x4i-worker-vs-vps-docker-qwen3-32b8x2-multi-inst-5x2ix2w-stag500-worker-sys/summary.md; task-01-run1/vps-docker-qwen3-32b8x2-single-20-worker-vs-vps-docker-qwen3-32b8x2-multi-5x4w-stag500-worker-vs-vps-docker-qwen3-32b8x2-single-inst-5x4i-worker-sys/summary.md,single-w,0.6778267574310303,2.865830078125,0.0448563251904151,1.0,8.915,10.235,0.0,80.948,921836086.96,1597885.632,1073516911.785,0.286,0.299,0.03,980709.007,1547219.733,33.76,0.002,17.92,710752.87,2927.148,0.0,44.818,11.813,,,,0.0,2934.61,,,,,,,,,,171.26,37.914,0.05,5.055,169.0,38.0,1005644.0,30.0,10.8,105.0,3.51,19.0,1188898.0,378.0,1925574.0,378.0,,,,,,,,,,,,,,,,,,,,,,,,,,,,,,,,,,,,,,456.809,,,,,,,,7.34,44.0,9.195,25.0,0.565,11.0,2.192,44.0,140.412,124.0,,,,61.0,,,,,,,,,,,,,,,,,,,,929.664,6.975,0.075,0.026,0.435,188925.0,39442.0
/root/Zehao/ClawHarness/out/batch_run_2/task-01/20260416T190912Z_vps-docker-qwen3-235b8x2-single-20-worker,1,20,20,0,2026-04-16T19:09:21.355065+00:00,2026-04-16T19:11:22.784692+00:00,121.43,2026-04-16T19:09:51.967445+00:00,2026-04-16T19:11:08.564225+00:00,76.597,3829.793,2874.673,3741.048,21102.278,30612.099,3.397,3602.062,224.297,3829.793,4.355,22.625,2865.895,3733.289,16750.14,13.705,4347.731,52.063,43.288,8.775,0.054,736974.306,sda,0.638,0.0,0.463,0.112,8238.27,7908.0,787465.741,1351303.429,19.455,0.0,29.82,32.279,0.0,20.0,39.5,13.336,6.843,33.557,92.0,12.161,178.0,37.0,965808.0,19.0,7.2,52.0,4.69,34.0,1027141.0,83.0,1712456.0,83.0,66.0,98.0,67.312,64.564,24.875,36.333,92.0,0.0,single,,per_worker,single-w,2,qwen3-235b8x2,task-01-run2/SingleW-Mul5x4w-Single5x4i-Mul5x2ix2w-500-worker/summary.md; task-01-run2/SingleW-SingleQ-SingleInstW-SingleInstReq/summary.md,single-w,0.7028334674835205,8.045185546875,0.26110683186025563,1.0,,,,,,,,,,,,,,,,,,,,,,,,,,,,,,,,,,,,,,,,,,,,,,,,,,,,,,,,,,,,,,,,,,,,,,,,,,,,,,,,,,,,,,,,,,,,,,,,,,,,,,,,,,,,,,,,,,,,,,,,,,,,,,,,,,,,,,,
/root/Zehao/ClawHarness/out/batch_run_3/task-01/20260417T094403Z_vps-docker-qwen3-235b8x2-single-20-worker,1,20,20,0,2026-04-17T09:44:12.057519+00:00,2026-04-17T09:46:35.017522+00:00,142.96,2026-04-17T09:44:19.271621+00:00,2026-04-17T09:46:28.550811+00:00,129.279,6463.907,4960.111,19077.865,27671.77,7213.745,4.949,6251.778,207.136,6463.907,12.813,17.486,4932.883,15093.321,27660.346,22.146,3979.985,36.085,29.213,6.872,0.142,698423.83,sda,0.598,0.0,0.323,0.051,6219.291,6262.61,881022.0,1410798.345,28.261,0.007,32.929,68.404,0.0,20.0,80.8,15.747,9.408,59.083,92.0,21.358,210.0,131.0,934328.0,65.0,10.4,90.0,2.26,4.0,1082605.0,30.0,1662831.0,30.0,69.0,69.0,89.5,74.426,31.375,64.999,92.0,0.0,single,,per_worker,single-w,3,qwen3-235b8x2,task-01-run3/SingleW-Mul5x4w-Single5x4i-Mul5x2ix2w-500-worker/summary.md; task-01-run3/SingleW-SingleQ-SingleInstW-SingleInstReq/summary.md,single-w,0.6660688686370849,6.0735263671875,0.15470416695673697,1.0,,,,,,,,,,,,,,,,,,,,,,,,,,,,,,,,,,,,,,,,,,,,,,,,,,,,,,,,,,,,,,,,,,,,,,,,,,,,,,,,,,,,,,,,,,,,,,,,,,,,,,,,,,,,,,,,,,,,,,,,,,,,,,,,,,,,,,,
/root/Zehao/ClawHarness/out/batch_run_4/task-01/20260417T134553Z_vps-docker-qwen3-235b8x2-single-20-worker,1,20,20,0,2026-04-17T13:46:01.742580+00:00,2026-04-17T13:48:40.143615+00:00,158.401,2026-04-17T13:46:01.809182+00:00,2026-04-17T13:48:32.952401+00:00,151.143,7557.113,5879.542,17114.873,25315.04,66.26,5.246,7351.774,200.053,7557.113,17.613,21.751,5854.74,13277.397,25302.961,21.814,3832.924,29.461,23.623,5.838,0.032,694701.429,sda,0.449,0.006,0.356,0.054,4948.208,4905.273,903929.619,1422375.006,34.748,0.013,33.838,17.883,0.0,20.0,109.15,17.296,6.748,65.312,93.5,23.57,187.0,80.0,930912.0,67.0,10.4,44.0,2.94,85.0,1093995.0,96.0,1693588.0,96.0,72.0,13.0,92.812,57.516,31.0,57.516,93.5,0.0,single,,per_worker,single-w,4,qwen3-235b8x2,task-01-run4/SingleW-Mul5x4w-Single5x4i-Mul5x2ix2w-500-worker/summary.md; task-01-run4/SingleW-SingleQ-SingleInstW-SingleInstReq/summary.md,single-w,0.66251891040802,4.832234375,0.13232501670603336,1.0,,,,,,,,,,,,,,,,,,,,,,,,,,,,,,,,,,,,,,,,,,,,,,,,,,,,,,,,,,,,,,,,,,,,,,,,,,,,,,,,,,,,,,,,,,,,,,,,,,,,,,,,,,,,,,,,,,,,,,,,,,,,,,,,,,,,,,,
/root/Zehao/ClawHarness/out/batch_run_1/task-01/20260416T134818Z_vps-docker-qwen3-32b8x2-single-inst-5x4i-worker,4,20,20,0,2026-04-16T13:48:48.059829+00:00,2026-04-16T13:53:16.222609+00:00,268.163,2026-04-16T13:48:48.160427+00:00,2026-04-16T13:52:47.266424+00:00,239.106,41323.815,35666.556,62994.345,116246.456,2823.002,8.259,40460.255,855.264,41323.815,33.429,36.472,35297.223,62960.027,116206.719,4313.699,4611.702,70.132,57.626,12.505,0.115,2494128.348,sda,0.814,0.041,0.509,0.127,10746.226,9641.608,892733.637,1417049.303,34.286,0.008,108.554,52.412,0.0,,,,,,,,498.0,15.0,3789336.0,10.0,7.9,0.0,3.698,16.0,1030192.25,235.0,1632803.5,235.0,64.0,187.0,,,,,,,single-inst-5x4i,,per_worker,single-inst-5x4i-w,1,qwen3-32b8x2,task-01-run1/vps-docker-qwen3-32b8x2-single-20-worker-vs-vps-docker-qwen3-32b8x2-multi-5x4w-stag300-worker-vs-vps-docker-qwen3-32b8x2-single-inst-5x4i-worker-vs-vps-docker-qwen3-32b8x2-multi-inst-5x2ix2w-stag500-worker-sys/summary.md; task-01-run1/vps-docker-qwen3-32b8x2-single-20-worker-vs-vps-docker-qwen3-32b8x2-multi-5x4w-stag500-worker-vs-vps-docker-qwen3-32b8x2-single-inst-5x4i-worker-sys/summary.md,multi-inst-5x4i,2.37858614730835,10.494361328125,0.083644910625413,1.0,,,,,,,,,,,,,,,,,,,,,,,,,,,,,,,,,,,,,,,,,,,,,,,,,,,,,,,,,,,,,,,,,,,,,,,,,,,,,,,,,,,,,,,,268.163,,,,,,,,,,,,,,,,,,,,,,,,,,,,,,,,,,,,,,,,,,,,,,,
/root/Zehao/ClawHarness/out/batch_run_2/task-01/20260416T192337Z_vps-docker-qwen3-235b8x2-single-inst-5x4i-worker,4,20,20,0,2026-04-16T19:24:11.177609+00:00,2026-04-16T19:29:59.042137+00:00,347.865,2026-04-16T19:24:11.261403+00:00,2026-04-16T19:29:08.677323+00:00,297.416,23619.184,14316.568,20082.315,216020.342,7123.832,8.777,22793.3,817.069,23619.184,33.698,39.3,13259.776,17850.009,216012.715,3986.259,4486.557,54.527,44.483,10.044,0.094,2533051.226,sda,0.547,0.028,0.364,0.108,8266.635,8901.214,881236.899,1406911.023,35.188,0.004,38.66,47.428,0.0,20.0,98.4,7.992,6.142,69.897,92.0,27.425,489.0,1.0,4060164.0,35.0,8.35,0.0,2.13,9.0,1025223.5,223.0,1569370.25,223.0,64.75,280.0,96.0,67.642,52.5,49.179,92.0,0.0,single-inst-5x4i,,per_worker,single-inst-5x4i-w,2,qwen3-235b8x2,task-01-run2/SingleW-Mul5x4w-Single5x4i-Mul5x2ix2w-500-worker/summary.md; task-01-run2/SingleW-SingleQ-SingleInstW-SingleInstReq/summary.md,multi-inst-5x4i; single-inst-w,2.4157058963775633,8.0728857421875,0.06724587782768916,1.0,,,,,,,,,,,,,,,,,,,,,,,,,,,,,,,,,,,,,,,,,,,,,,,,,,,,,,,,,,,,,,,,,,,,,,,,,,,,,,,,,,,,,,,,,,,,,,,,,,,,,,,,,,,,,,,,,,,,,,,,,,,,,,,,,,,,,,,
/root/Zehao/ClawHarness/out/batch_run_3/task-01/20260417T095921Z_vps-docker-qwen3-235b8x2-single-inst-5x4i-worker,4,20,20,0,2026-04-17T09:59:53.069073+00:00,2026-04-17T10:02:12.155674+00:00,139.087,2026-04-17T09:59:53.230402+00:00,2026-04-17T10:01:32.701214+00:00,99.471,16953.204,14750.209,29105.079,44384.492,155.63,9.29,16072.201,871.674,16953.204,31.824,33.747,14677.987,29097.284,44372.283,4190.817,4823.283,104.186,84.647,19.539,0.271,2348106.97,sda,1.133,0.016,0.646,0.362,20175.376,20503.219,808216.391,1355873.085,25.125,0.008,77.919,120.578,0.0,20.0,91.15,6.942,4.717,61.524,92.0,30.849,470.0,2.0,3370684.0,15.0,7.2,5.0,2.138,16.0,926861.0,97.0,1506629.75,109.0,51.75,59.0,96.188,66.622,52.5,66.622,92.0,0.0,single-inst-5x4i,,per_worker,single-inst-5x4i-w,3,qwen3-235b8x2,task-01-run3/SingleW-Mul5x4w-Single5x4i-Mul5x2ix2w-500-worker/summary.md; task-01-run3/SingleW-SingleQ-SingleInstW-SingleInstReq/summary.md,multi-inst-5x4i; single-inst-w,2.239329309463501,19.702515625,0.2010636265846327,1.0,,,,,,,,,,,,,,,,,,,,,,,,,,,,,,,,,,,,,,,,,,,,,,,,,,,,,,,,,,,,,,,,,,,,,,,,,,,,,,,,,,,,,,,,,,,,,,,,,,,,,,,,,,,,,,,,,,,,,,,,,,,,,,,,,,,,,,,
/root/Zehao/ClawHarness/out/batch_run_4/task-01/20260417T135628Z_vps-docker-qwen3-235b8x2-single-inst-5x4i-worker,4,20,20,0,2026-04-17T13:57:00.372979+00:00,2026-04-17T13:58:39.105337+00:00,98.732,2026-04-17T13:57:00.504245+00:00,2026-04-17T13:58:02.335545+00:00,61.831,10815.844,10905.986,15320.315,15943.851,1870.572,6.476,9992.334,816.997,10815.844,20.365,27.777,10790.197,13109.693,15935.016,4050.836,4177.976,130.955,104.971,25.984,0.359,2532997.222,sda,1.218,0.0,0.727,0.262,16702.848,16240.318,771537.355,1341048.532,19.829,0.021,77.739,170.701,0.0,20.0,80.8,8.173,4.688,43.089,93.53,22.93,394.0,25.0,3199080.0,16.0,5.625,8.0,2.55,34.0,872182.25,62.0,1414440.25,5.0,54.5,62.0,95.5,75.276,52.562,48.601,93.625,47.736,single-inst-5x4i,,per_worker,single-inst-5x4i-w,4,qwen3-235b8x2,task-01-run4/SingleW-Mul5x4w-Single5x4i-Mul5x2ix2w-500-worker/summary.md; task-01-run4/SingleW-SingleQ-SingleInstW-SingleInstReq/summary.md,multi-inst-5x4i; single-inst-w,2.4156543941497803,16.311375,0.3234623408969611,1.0,,,,,,,,,,,,,,,,,,,,,,,,,,,,,,,,,,,,,,,,,,,,,,,,,,,,,,,,,,,,,,,,,,,,,,,,,,,,,,,,,,,,,,,,,,,,,,,,,,,,,,,,,,,,,,,,,,,,,,,,,,,,,,,,,,,,,,,
